javatar,500
javatar,20
javatar,30
leonie,1000
javatar,50
Charles,0
Charles,50
Charles,100
Charles,100
Charles,100
Charles,100
Charles,100
Charles,150
Charles,150
Charles,200
Charles,0
Charles,0
Charles,0
Charles,0
Charles,0
Charles,0
Charles,0
Charles,0
Charles,0
Charles,0
Charles,0
javatar,50
javatar,50
javatar,50
javatar,50
javatar,50
javatar,50
javatar,50
javatar,50
javatar,50
javatar,50
javatar,1050
javatar,2050
javatar,0
javatar,0
javatar,0
javatar,0
javatar,0
javatar,0
javatar,0
javatar,0
javatar,0
javatar,0
javatar,0
javatar,0
javatar,0
javatar,0
javatar,1000
javatar,0
javatar,0
leonie,10400
leonie,10400
leonie,10400
leonie,10400